Year,City,Sport,Discipline,Athlete,Country,Gender,Event,Medal
1948,St.Moritz,Skating,Speed skating,"LAMMIO, Pentti",FIN,Men,10000M,Bronze
1948,St.Moritz,Skating,Speed skating,"SEYFFARTH, Ake",SWE,Men,10000M,Gold
1948,St.Moritz,Skating,Speed skating,"PARKKINEN, Lauri",FIN,Men,10000M,Silver
1948,St.Moritz,Skating,Speed skating,"LUNDBERG, Odd",NOR,Men,1500M,Bronze
1948,St.Moritz,Skating,Speed skating,"FARSTAD, Sverre",NOR,Men,1500M,Gold
1948,St.Moritz,Skating,Speed skating,"SEYFFARTH, Ake",SWE,Men,1500M,Silver
1948,St.Moritz,Skating,Speed skating,"HEDLUND, Göthe",SWE,Men,5000M,Bronze
1948,St.Moritz,Skating,Speed skating,"LIAKLEV, Reidar",NOR,Men,5000M,Gold
1948,St.Moritz,Skating,Speed skating,"LUNDBERG, Odd",NOR,Men,5000M,Silver
1948,St.Moritz,Skating,Speed skating,"HELGESEN, Finn",NOR,Men,500M,Gold
1948,St.Moritz,Skating,Speed skating,"BYBERG, Thomas",NOR,Men,500M,Silver
1948,St.Moritz,Skating,Speed skating,"BARTHELOMEW, Kenneth",USA,Men,500M,Silver
1948,St.Moritz,Skating,Speed skating,"FITZGERALD, Robert",USA,Men,500M,Silver
1952,Oslo,Skating,Speed skating,"ASPLUND, Carl-Erik",SWE,Men,10000M,Bronze
1952,Oslo,Skating,Speed skating,"ANDERSEN, Hjalmar",NOR,Men,10000M,Gold
1952,Oslo,Skating,Speed skating,"BROEKMAN, Cornelis",NED,Men,10000M,Silver
1952,Oslo,Skating,Speed skating,"AAS, Roald",NOR,Men,1500M,Bronze
1952,Oslo,Skating,Speed skating,"ANDERSEN, Hjalmar",NOR,Men,1500M,Gold
1952,Oslo,Skating,Speed skating,"VAN DER VOORT, Willem",NED,Men,1500M,Silver
1952,Oslo,Skating,Speed skating,"HAUGLI, Sverre",NOR,Men,5000M,Bronze
1952,Oslo,Skating,Speed skating,"ANDERSEN, Hjalmar",NOR,Men,5000M,Gold
1952,Oslo,Skating,Speed skating,"BROEKMAN, Cornelis",NED,Men,5000M,Silver
1952,Oslo,Skating,Speed skating,"AUDLEY, Gordon",CAN,Men,500M,Bronze
1952,Oslo,Skating,Speed skating,"JOHANSEN, Arne",NOR,Men,500M,Bronze
1952,Oslo,Skating,Speed skating,"HENRY, Kenneth",USA,Men,500M,Gold
1952,Oslo,Skating,Speed skating,"MCDERMOTT, Donald",USA,Men,500M,Silver
1956,Cortina d'Ampezzo,Skating,Speed skating,"GONCHARENKO, Oleg",URS,Men,10000M,Bronze
1956,Cortina d'Ampezzo,Skating,Speed skating,"ERICSSON, Sigvard",SWE,Men,10000M,Gold
1956,Cortina d'Ampezzo,Skating,Speed skating,"JOHANNESEN, Knut",NOR,Men,10000M,Silver
1956,Cortina d'Ampezzo,Skating,Speed skating,"SALONEN, Toivo",FIN,Men,1500M,Bronze
1956,Cortina d'Ampezzo,Skating,Speed skating,"GRISHIN, Yevgeny",URS,Men,1500M,Gold
1956,Cortina d'Ampezzo,Skating,Speed skating,"MIKHAILOV, Yury",URS,Men,1500M,Gold
1956,Cortina d'Ampezzo,Skating,Speed skating,"GONCHARENKO, Oleg",URS,Men,5000M,Bronze
1956,Cortina d'Ampezzo,Skating,Speed skating,"SHILKOV, Boris",URS,Men,5000M,Gold
1956,Cortina d'Ampezzo,Skating,Speed skating,"ERICSSON, Sigvard",SWE,Men,5000M,Silver
1956,Cortina d'Ampezzo,Skating,Speed skating,"GJESTVANG, Alv",NOR,Men,500M,Bronze
1956,Cortina d'Ampezzo,Skating,Speed skating,"GRISHIN, Yevgeny",URS,Men,500M,Gold
1956,Cortina d'Ampezzo,Skating,Speed skating,"GRACH, Rafael",URS,Men,500M,Silver
1960,Squaw Valley,Skating,Speed skating,"BÄCKMAN, Kjell",SWE,Men,10000M,Bronze
1960,Squaw Valley,Skating,Speed skating,"JOHANNESEN, Knut",NOR,Men,10000M,Gold
1960,Squaw Valley,Skating,Speed skating,"KOSICHKIN, Viktor",URS,Men,10000M,Silver
1960,Squaw Valley,Skating,Speed skating,"RYLOVA, Tamara",URS,Women,1000M,Bronze
1960,Squaw Valley,Skating,Speed skating,"GUSEVA, Klara",URS,Women,1000M,Gold
1960,Squaw Valley,Skating,Speed skating,"HAASE, Helga",EUA,Women,1000M,Silver
1960,Squaw Valley,Skating,Speed skating,"STENIN, Boris",URS,Men,1500M,Bronze
1960,Squaw Valley,Skating,Speed skating,"AAS, Roald",NOR,Men,1500M,Gold
1960,Squaw Valley,Skating,Speed skating,"GRISHIN, Yevgeny",URS,Men,1500M,Gold
1960,Squaw Valley,Skating,Speed skating,"PILEJCZYK, Helena",POL,Women,1500M,Bronze
1960,Squaw Valley,Skating,Speed skating,"SKOBLIKOVA, Lidiya",URS,Women,1500M,Gold
1960,Squaw Valley,Skating,Speed skating,"SEROCZYNSKA, Elwira",POL,Women,1500M,Silver
1960,Squaw Valley,Skating,Speed skating,"HUTTUNEN, Eevi",FIN,Women,3000M,Bronze
1960,Squaw Valley,Skating,Speed skating,"SKOBLIKOVA, Lidiya",URS,Women,3000M,Gold
1960,Squaw Valley,Skating,Speed skating,"STENINA, Valentina",URS,Women,3000M,Silver
1960,Squaw Valley,Skating,Speed skating,"PESMAN, Janis",NED,Men,5000M,Bronze
1960,Squaw Valley,Skating,Speed skating,"KOSICHKIN, Viktor",URS,Men,5000M,Gold
1960,Squaw Valley,Skating,Speed skating,"JOHANNESEN, Knut",NOR,Men,5000M,Silver
1960,Squaw Valley,Skating,Speed skating,"GRACH, Rafael",URS,Men,500M,Bronze
1960,Squaw Valley,Skating,Speed skating,"GRISHIN, Yevgeny",URS,Men,500M,Gold
1960,Squaw Valley,Skating,Speed skating,"DISNEY, William",USA,Men,500M,Silver
1960,Squaw Valley,Skating,Speed skating,"ASHWORTH, Jeanne",USA,Women,500M,Bronze
1960,Squaw Valley,Skating,Speed skating,"HAASE, Helga",EUA,Women,500M,Gold
1960,Squaw Valley,Skating,Speed skating,"DONCHENKO, Natalya",URS,Women,500M,Silver
1964,Innsbruck,Skating,Speed skating,"JOHANNESEN, Knut",NOR,Men,10000M,Bronze
1964,Innsbruck,Skating,Speed skating,"NILSSON, Jonny",SWE,Men,10000M,Gold
1964,Innsbruck,Skating,Speed skating,"MAIER, Fred Anton",NOR,Men,10000M,Silver
1964,Innsbruck,Skating,Speed skating,"MUSTONEN, Kaija",FIN,Women,1000M,Bronze
1964,Innsbruck,Skating,Speed skating,"SKOBLIKOVA, Lidiya",URS,Women,1000M,Gold
1964,Innsbruck,Skating,Speed skating,"YEGOROVA, Irina",URS,Women,1000M,Silver
1964,Innsbruck,Skating,Speed skating,"HAUGEN, Villy",NOR,Men,1500M,Bronze
1964,Innsbruck,Skating,Speed skating,"ANTSON, Ants",URS,Men,1500M,Gold
1964,Innsbruck,Skating,Speed skating,"VERKERK, Cornelis",NED,Men,1500M,Silver
1964,Innsbruck,Skating,Speed skating,"KOLOKOLTSEVA, Berta",URS,Women,1500M,Bronze
1964,Innsbruck,Skating,Speed skating,"SKOBLIKOVA, Lidiya",URS,Women,1500M,Gold
1964,Innsbruck,Skating,Speed skating,"MUSTONEN, Kaija",FIN,Women,1500M,Silver
1964,Innsbruck,Skating,Speed skating,"SKOBLIKOVA, Lidiya",URS,Women,3000M,Gold
1964,Innsbruck,Skating,Speed skating,"HAN, Pil Hwa",PRK,Women,3000M,Silver
1964,Innsbruck,Skating,Speed skating,"STENINA, Valentina",URS,Women,3000M,Silver
1964,Innsbruck,Skating,Speed skating,"MAIER, Fred Anton",NOR,Men,5000M,Bronze
1964,Innsbruck,Skating,Speed skating,"JOHANNESEN, Knut",NOR,Men,5000M,Gold
1964,Innsbruck,Skating,Speed skating,"MOE, Per Ivar",NOR,Men,5000M,Silver
1964,Innsbruck,Skating,Speed skating,"MCDERMOTT, Richard",USA,Men,500M,Gold
1964,Innsbruck,Skating,Speed skating,"GJESTVANG, Alv",NOR,Men,500M,Silver
1964,Innsbruck,Skating,Speed skating,"GRISHIN, Yevgeny",URS,Men,500M,Silver
1964,Innsbruck,Skating,Speed skating,"ORLOV, Vladimir",URS,Men,500M,Silver
1964,Innsbruck,Skating,Speed skating,"SIDOROVA, Tatyana",URS,Women,500M,Bronze
1964,Innsbruck,Skating,Speed skating,"SKOBLIKOVA, Lidiya",URS,Women,500M,Gold
1964,Innsbruck,Skating,Speed skating,"YEGOROVA, Irina",URS,Women,500M,Silver
1968,Grenoble,Skating,Speed skating,"SANDLER, Örjan",SWE,Men,10000M,Bronze
1968,Grenoble,Skating,Speed skating,"HÖGLIN, Johnny",SWE,Men,10000M,Gold
1968,Grenoble,Skating,Speed skating,"MAIER, Fred Anton",NOR,Men,10000M,Silver
1968,Grenoble,Skating,Speed skating,"HOLUM, Dianne",USA,Women,1000M,Bronze
1968,Grenoble,Skating,Speed skating,"GEIJSSEN, Carolina",NED,Women,1000M,Gold
1968,Grenoble,Skating,Speed skating,"TITOVA, Lyudmila",URS,Women,1000M,Silver
1968,Grenoble,Skating,Speed skating,"VERKERK, Cornelis",NED,Men,1500M,Gold
1968,Grenoble,Skating,Speed skating,"SCHENK, Ard",NED,Men,1500M,Silver
1968,Grenoble,Skating,Speed skating,"ERIKSEN, Ivar",NOR,Men,1500M,Silver
1968,Grenoble,Skating,Speed skating,"KAISER, Christina",NED,Women,1500M,Bronze
1968,Grenoble,Skating,Speed skating,"MUSTONEN, Kaija",FIN,Women,1500M,Gold
1968,Grenoble,Skating,Speed skating,"GEIJSSEN, Carolina",NED,Women,1500M,Silver
1968,Grenoble,Skating,Speed skating,"KAISER, Christina",NED,Women,3000M,Bronze
1968,Grenoble,Skating,Speed skating,"SCHUT, Johanna",NED,Women,3000M,Gold
1968,Grenoble,Skating,Speed skating,"MUSTONEN, Kaija",FIN,Women,3000M,Silver
1968,Grenoble,Skating,Speed skating,"NOTTET, Petrus",NED,Men,5000M,Bronze
1968,Grenoble,Skating,Speed skating,"MAIER, Fred Anton",NOR,Men,5000M,Gold
1968,Grenoble,Skating,Speed skating,"VERKERK, Cornelis",NED,Men,5000M,Silver
1968,Grenoble,Skating,Speed skating,"KELLER, Erhard",FRG,Men,500M,Gold
1968,Grenoble,Skating,Speed skating,"THOMASSEN, Magne",NOR,Men,500M,Silver
1968,Grenoble,Skating,Speed skating,"MCDERMOTT, Richard",USA,Men,500M,Silver
1968,Grenoble,Skating,Speed skating,"TITOVA, Lyudmila",URS,Women,500M,Gold
1968,Grenoble,Skating,Speed skating,"FISH, Jennifer",USA,Women,500M,Silver
1968,Grenoble,Skating,Speed skating,"HOLUM, Dianne",USA,Women,500M,Silver
1968,Grenoble,Skating,Speed skating,"MEYERS, Mary",USA,Women,500M,Silver
1972,Sapporo,Skating,Speed skating,"STENSEN, Sten",NOR,Men,10000M,Bronze
1972,Sapporo,Skating,Speed skating,"SCHENK, Ard",NED,Men,10000M,Gold
1972,Sapporo,Skating,Speed skating,"VERKERK, Cornelis",NED,Men,10000M,Silver
1972,Sapporo,Skating,Speed skating,"HENNING, Anne",USA,Women,1000M,Bronze
1972,Sapporo,Skating,Speed skating,"HOLZNER-GAWENUS, Monika",FRG,Women,1000M,Gold
1972,Sapporo,Skating,Speed skating,"DEELSTRA, Atje",NED,Women,1000M,Silver
1972,Sapporo,Skating,Speed skating,"CLAESSON, Göran",SWE,Men,1500M,Bronze
1972,Sapporo,Skating,Speed skating,"SCHENK, Ard",NED,Men,1500M,Gold
1972,Sapporo,Skating,Speed skating,"GRÖNVOLD, Roar",NOR,Men,1500M,Silver
1972,Sapporo,Skating,Speed skating,"DEELSTRA, Atje",NED,Women,1500M,Bronze
1972,Sapporo,Skating,Speed skating,"HOLUM, Dianne",USA,Women,1500M,Gold
1972,Sapporo,Skating,Speed skating,"KAISER, Christina",NED,Women,1500M,Silver
1972,Sapporo,Skating,Speed skating,"DEELSTRA, Atje",NED,Women,3000M,Bronze
1972,Sapporo,Skating,Speed skating,"KAISER, Christina",NED,Women,3000M,Gold
1972,Sapporo,Skating,Speed skating,"HOLUM, Dianne",USA,Women,3000M,Silver
1972,Sapporo,Skating,Speed skating,"STENSEN, Sten",NOR,Men,5000M,Bronze
1972,Sapporo,Skating,Speed skating,"SCHENK, Ard",NED,Men,5000M,Gold
1972,Sapporo,Skating,Speed skating,"GRÖNVOLD, Roar",NOR,Men,5000M,Silver
1972,Sapporo,Skating,Speed skating,"MURATOV, Valery",URS,Men,500M,Bronze
1972,Sapporo,Skating,Speed skating,"KELLER, Erhard",FRG,Men,500M,Gold
1972,Sapporo,Skating,Speed skating,"BÖRJES, Hasse",SWE,Men,500M,Silver
1972,Sapporo,Skating,Speed skating,"TITOVA, Lyudmila",URS,Women,500M,Bronze
1972,Sapporo,Skating,Speed skating,"HENNING, Anne",USA,Women,500M,Gold
1972,Sapporo,Skating,Speed skating,"KRASNOVA, Vera",URS,Women,500M,Silver
1976,Innsbruck,Skating,Speed skating,"VAN HELDEN, Hans",NED,Men,10000M,Bronze
1976,Innsbruck,Skating,Speed skating,"KLEINE, Piet",NED,Men,10000M,Gold
1976,Innsbruck,Skating,Speed skating,"STENSEN, Sten",NOR,Men,10000M,Silver
1976,Innsbruck,Skating,Speed skating,"MURATOV, Valery",URS,Men,1000M,Bronze
1976,Innsbruck,Skating,Speed skating,"MUELLER, Peter",USA,Men,1000M,Gold
1976,Innsbruck,Skating,Speed skating,"DIDRIKSEN, Jörn",NOR,Men,1000M,Silver
1976,Innsbruck,Skating,Speed skating,"YOUNG, Sheila",USA,Women,1000M,Bronze
1976,Innsbruck,Skating,Speed skating,"AVERINA, Tatyana",URS,Women,1000M,Gold
1976,Innsbruck,Skating,Speed skating,"MUELLER, Leah",USA,Women,1000M,Silver
1976,Innsbruck,Skating,Speed skating,"VAN HELDEN, Hans",NED,Men,1500M,Bronze
1976,Innsbruck,Skating,Speed skating,"STORHOLT, Jan Egil",NOR,Men,1500M,Gold
1976,Innsbruck,Skating,Speed skating,"KONDAKOV, Yury",URS,Men,1500M,Silver
1976,Innsbruck,Skating,Speed skating,"AVERINA, Tatyana",URS,Women,1500M,Bronze
1976,Innsbruck,Skating,Speed skating,"STEPANSKAYA, Galina",URS,Women,1500M,Gold
1976,Innsbruck,Skating,Speed skating,"YOUNG, Sheila",USA,Women,1500M,Silver
1976,Innsbruck,Skating,Speed skating,"KORSMO, Lisbeth",NOR,Women,3000M,Bronze
1976,Innsbruck,Skating,Speed skating,"AVERINA, Tatyana",URS,Women,3000M,Gold
1976,Innsbruck,Skating,Speed skating,"EHRIG, Andrea",GDR,Women,3000M,Silver
1976,Innsbruck,Skating,Speed skating,"VAN HELDEN, Hans",NED,Men,5000M,Bronze
1976,Innsbruck,Skating,Speed skating,"STENSEN, Sten",NOR,Men,5000M,Gold
1976,Innsbruck,Skating,Speed skating,"KLEINE, Piet",NED,Men,5000M,Silver
1976,Innsbruck,Skating,Speed skating,"IMMERFALL, Daniel",USA,Men,500M,Bronze
1976,Innsbruck,Skating,Speed skating,"KULIKOV, Yevgeny",URS,Men,500M,Gold
1976,Innsbruck,Skating,Speed skating,"MURATOV, Valery",URS,Men,500M,Silver
1976,Innsbruck,Skating,Speed skating,"AVERINA, Tatyana",URS,Women,500M,Bronze
1976,Innsbruck,Skating,Speed skating,"YOUNG, Sheila",USA,Women,500M,Gold
1976,Innsbruck,Skating,Speed skating,"PRIESTNER, Cathy",CAN,Women,500M,Silver
1980,Lake Placid,Skating,Speed skating,"OXHOLM, Tom Erik",NOR,Men,10000M,Bronze
1980,Lake Placid,Skating,Speed skating,"HEIDEN, Eric",USA,Men,10000M,Gold
1980,Lake Placid,Skating,Speed skating,"KLEINE, Piet",NED,Men,10000M,Silver
1980,Lake Placid,Skating,Speed skating,"RÖNNING, Frode",NOR,Men,1000M,Bronze
1980,Lake Placid,Skating,Speed skating,"LOBANOV, Vladimir",URS,Men,1000M,Bronze
1980,Lake Placid,Skating,Speed skating,"HEIDEN, Eric",USA,Men,1000M,Gold
1980,Lake Placid,Skating,Speed skating,"BOUCHER, Gaetan",CAN,Men,1000M,Silver
1980,Lake Placid,Skating,Speed skating,"ALBRECHT, Silvia",GDR,Women,1000M,Bronze
1980,Lake Placid,Skating,Speed skating,"PETRUSEVA, Natalya",URS,Women,1000M,Gold
1980,Lake Placid,Skating,Speed skating,"MUELLER, Leah",USA,Women,1000M,Silver
1980,Lake Placid,Skating,Speed skating,"ANDERSEN, Terje",NOR,Men,1500M,Bronze
1980,Lake Placid,Skating,Speed skating,"HEIDEN, Eric",USA,Men,1500M,Gold
1980,Lake Placid,Skating,Speed skating,"STENSHJEMMET, Kai Arne",NOR,Men,1500M,Silver
1980,Lake Placid,Skating,Speed skating,"BECKER, Sabine",GDR,Women,1500M,Bronze
1980,Lake Placid,Skating,Speed skating,"BORCKINK, Annie",NED,Women,1500M,Gold
1980,Lake Placid,Skating,Speed skating,"VISSER, Adriana",NED,Women,1500M,Silver
1980,Lake Placid,Skating,Speed skating,"HEIDEN, Beth",USA,Women,3000M,Bronze
1980,Lake Placid,Skating,Speed skating,"JENSEN, Björg Eva",NOR,Women,3000M,Gold
1980,Lake Placid,Skating,Speed skating,"BECKER, Sabine",GDR,Women,3000M,Silver
1980,Lake Placid,Skating,Speed skating,"OXHOLM, Tom Erik",NOR,Men,5000M,Bronze
1980,Lake Placid,Skating,Speed skating,"HEIDEN, Eric",USA,Men,5000M,Gold
1980,Lake Placid,Skating,Speed skating,"STENSHJEMMET, Kai Arne",NOR,Men,5000M,Silver
1980,Lake Placid,Skating,Speed skating,"DE BOER, Lieuwe",NED,Men,500M,Bronze
1980,Lake Placid,Skating,Speed skating,"HEIDEN, Eric",USA,Men,500M,Gold
1980,Lake Placid,Skating,Speed skating,"KULIKOV, Yevgeny",URS,Men,500M,Silver
1980,Lake Placid,Skating,Speed skating,"PETRUSEVA, Natalya",URS,Women,500M,Bronze
1980,Lake Placid,Skating,Speed skating,"KANIA, Karin",GDR,Women,500M,Gold
1980,Lake Placid,Skating,Speed skating,"MUELLER, Leah",USA,Women,500M,Silver
1984,Sarajevo,Skating,Speed skating,"SCHÖFISCH, René",GDR,Men,10000M,Bronze
1984,Sarajevo,Skating,Speed skating,"MALKOV, Igor",URS,Men,10000M,Gold
1984,Sarajevo,Skating,Speed skating,"GUSTAFSON, Tomas",SWE,Men,10000M,Silver
1984,Sarajevo,Skating,Speed skating,"ENGELSTAD, Kai Arne",NOR,Men,1000M,Bronze
1984,Sarajevo,Skating,Speed skating,"BOUCHER, Gaetan",CAN,Men,1000M,Gold
1984,Sarajevo,Skating,Speed skating,"KHLEBNIKOV, Sergey",URS,Men,1000M,Silver
1984,Sarajevo,Skating,Speed skating,"PETRUSEVA, Natalya",URS,Women,1000M,Bronze
1984,Sarajevo,Skating,Speed skating,"KANIA, Karin",GDR,Women,1000M,Gold
1984,Sarajevo,Skating,Speed skating,"EHRIG, Andrea",GDR,Women,1000M,Silver
1984,Sarajevo,Skating,Speed skating,"BOZHYEV, Oleg",URS,Men,1500M,Bronze
1984,Sarajevo,Skating,Speed skating,"BOUCHER, Gaetan",CAN,Men,1500M,Gold
1984,Sarajevo,Skating,Speed skating,"KHLEBNIKOV, Sergey",URS,Men,1500M,Silver
1984,Sarajevo,Skating,Speed skating,"PETRUSEVA, Natalya",URS,Women,1500M,Bronze
1984,Sarajevo,Skating,Speed skating,"KANIA, Karin",GDR,Women,1500M,Gold
1984,Sarajevo,Skating,Speed skating,"EHRIG, Andrea",GDR,Women,1500M,Silver
1984,Sarajevo,Skating,Speed skating,"ZANGE, Gabi",GDR,Women,3000M,Bronze
1984,Sarajevo,Skating,Speed skating,"EHRIG, Andrea",GDR,Women,3000M,Gold
1984,Sarajevo,Skating,Speed skating,"KANIA, Karin",GDR,Women,3000M,Silver
1984,Sarajevo,Skating,Speed skating,"SCHÖFISCH, René",GDR,Men,5000M,Bronze
1984,Sarajevo,Skating,Speed skating,"GUSTAFSON, Tomas",SWE,Men,5000M,Gold
1984,Sarajevo,Skating,Speed skating,"MALKOV, Igor",URS,Men,5000M,Silver
1984,Sarajevo,Skating,Speed skating,"BOUCHER, Gaetan",CAN,Men,500M,Bronze
1984,Sarajevo,Skating,Speed skating,"FOKICHEV, Sergey",URS,Men,500M,Gold
1984,Sarajevo,Skating,Speed skating,"KITAZAWA, Yoshihiro",JPN,Men,500M,Silver
1984,Sarajevo,Skating,Speed skating,"SHIVE, Natalya",URS,Women,500M,Bronze
1984,Sarajevo,Skating,Speed skating,"LUDING, Christa",GDR,Women,500M,Gold
1984,Sarajevo,Skating,Speed skating,"KANIA, Karin",GDR,Women,500M,Silver
1988,Calgary,Skating,Speed skating,"VISSER, Leo",NED,Men,10000M,Bronze
1988,Calgary,Skating,Speed skating,"GUSTAFSON, Tomas",SWE,Men,10000M,Gold
1988,Calgary,Skating,Speed skating,"HADSCHIEFF, Michael",AUT,Men,10000M,Silver
1988,Calgary,Skating,Speed skating,"ZHELEZOVSKY, Igor",URS,Men,1000M,Bronze
1988,Calgary,Skating,Speed skating,"GULYAEV, Nikolay",URS,Men,1000M,Gold
1988,Calgary,Skating,Speed skating,"MEY, Uwe-Jens",GDR,Men,1000M,Silver
1988,Calgary,Skating,Speed skating,"BLAIR, Bonnie",USA,Women,1000M,Bronze
1988,Calgary,Skating,Speed skating,"LUDING, Christa",GDR,Women,1000M,Gold
1988,Calgary,Skating,Speed skating,"KANIA, Karin",GDR,Women,1000M,Silver
1988,Calgary,Skating,Speed skating,"HADSCHIEFF, Michael",AUT,Men,1500M,Bronze
1988,Calgary,Skating,Speed skating,"HOFFMANN, Andre",GDR,Men,1500M,Gold
1988,Calgary,Skating,Speed skating,"FLAIM, Eric",USA,Men,1500M,Silver
1988,Calgary,Skating,Speed skating,"EHRIG, Andrea",GDR,Women,1500M,Bronze
1988,Calgary,Skating,Speed skating,"VAN GENNIP, Yvonne",NED,Women,1500M,Gold
1988,Calgary,Skating,Speed skating,"KANIA, Karin",GDR,Women,1500M,Silver
1988,Calgary,Skating,Speed skating,"ZANGE, Gabi",GDR,Women,3000M,Bronze
1988,Calgary,Skating,Speed skating,"VAN GENNIP, Yvonne",NED,Women,3000M,Gold
1988,Calgary,Skating,Speed skating,"EHRIG, Andrea",GDR,Women,3000M,Silver
1988,Calgary,Skating,Speed skating,"KEMKERS, Gerard",NED,Men,5000M,Bronze
1988,Calgary,Skating,Speed skating,"GUSTAFSON, Tomas",SWE,Men,5000M,Gold
1988,Calgary,Skating,Speed skating,"VISSER, Leo",NED,Men,5000M,Silver
1988,Calgary,Skating,Speed skating,"ZANGE, Gabi",GDR,Women,5000M,Bronze
1988,Calgary,Skating,Speed skating,"VAN GENNIP, Yvonne",NED,Women,5000M,Gold
1988,Calgary,Skating,Speed skating,"EHRIG, Andrea",GDR,Women,5000M,Silver
1988,Calgary,Skating,Speed skating,"KUROIWA, Akira",JPN,Men,500M,Bronze
1988,Calgary,Skating,Speed skating,"MEY, Uwe-Jens",GDR,Men,500M,Gold
1988,Calgary,Skating,Speed skating,"YKEMA, Jan",NED,Men,500M,Silver
1988,Calgary,Skating,Speed skating,"KANIA, Karin",GDR,Women,500M,Bronze
1988,Calgary,Skating,Speed skating,"BLAIR, Bonnie",USA,Women,500M,Gold
1988,Calgary,Skating,Speed skating,"LUDING, Christa",GDR,Women,500M,Silver
1992,Albertville,Skating,Speed skating,"KARLSTAD, Geir",NOR,Men,10000M,Bronze
1992,Albertville,Skating,Speed skating,"VELDKAMP, Bart",NED,Men,10000M,Gold
1992,Albertville,Skating,Speed skating,"KOSS, Johann Olav",NOR,Men,10000M,Silver
1992,Albertville,Skating,Speed skating,"MIYABE, Yukinori",JPN,Men,1000M,Bronze
1992,Albertville,Skating,Speed skating,"ZINKE, Olaf",GER,Men,1000M,Gold
1992,Albertville,Skating,Speed skating,"KIM, Yoon-Man",KOR,Men,1000M,Silver
1992,Albertville,Skating,Speed skating,"GARBRECHT-ENFELDT, Monique",GER,Women,1000M,Bronze
1992,Albertville,Skating,Speed skating,"BLAIR, Bonnie",USA,Women,1000M,Gold
1992,Albertville,Skating,Speed skating,"YE, Qiaobo",CHN,Women,1000M,Silver
1992,Albertville,Skating,Speed skating,"VISSER, Leo",NED,Men,1500M,Bronze
1992,Albertville,Skating,Speed skating,"KOSS, Johann Olav",NOR,Men,1500M,Gold
1992,Albertville,Skating,Speed skating,"SONDRAL, Adne",NOR,Men,1500M,Silver
1992,Albertville,Skating,Speed skating,"HASHIMOTO, Seiko",JPN,Women,1500M,Bronze
1992,Albertville,Skating,Speed skating,"BÖRNER, Jacqueline",GER,Women,1500M,Gold
1992,Albertville,Skating,Speed skating,"NIEMANN-STIRNEMANN, Gunda",GER,Women,1500M,Silver
1992,Albertville,Skating,Speed skating,"HUNYADY, Emese",AUT,Women,3000M,Bronze
1992,Albertville,Skating,Speed skating,"NIEMANN-STIRNEMANN, Gunda",GER,Women,3000M,Gold
1992,Albertville,Skating,Speed skating,"WARNICKE, Heike",GER,Women,3000M,Silver
1992,Albertville,Skating,Speed skating,"VISSER, Leo",NED,Men,5000M,Bronze
1992,Albertville,Skating,Speed skating,"KARLSTAD, Geir",NOR,Men,5000M,Gold
1992,Albertville,Skating,Speed skating,"ZANDSTRA, Falko",NED,Men,5000M,Silver
1992,Albertville,Skating,Speed skating,"PECHSTEIN, Claudia",GER,Women,5000M,Bronze
1992,Albertville,Skating,Speed skating,"NIEMANN-STIRNEMANN, Gunda",GER,Women,5000M,Gold
1992,Albertville,Skating,Speed skating,"WARNICKE, Heike",GER,Women,5000M,Silver
1992,Albertville,Skating,Speed skating,"INOUE, Junichi",JPN,Men,500M,Bronze
1992,Albertville,Skating,Speed skating,"MEY, Uwe-Jens",GER,Men,500M,Gold
1992,Albertville,Skating,Speed skating,"KUROIWA, Toshiyuki",JPN,Men,500M,Silver
1992,Albertville,Skating,Speed skating,"LUDING, Christa",GER,Women,500M,Bronze
1992,Albertville,Skating,Speed skating,"BLAIR, Bonnie",USA,Women,500M,Gold
1992,Albertville,Skating,Speed skating,"YE, Qiaobo",CHN,Women,500M,Silver
1994,Lillehammer,Skating,Speed skating,"VELDKAMP, Bart",NED,Men,10000M,Bronze
1994,Lillehammer,Skating,Speed skating,"KOSS, Johann Olav",NOR,Men,10000M,Gold
1994,Lillehammer,Skating,Speed skating,"STORELID, Kjell",NOR,Men,10000M,Silver
1994,Lillehammer,Skating,Speed skating,"KLEVCHENYA, Sergey",RUS,Men,1000M,Bronze
1994,Lillehammer,Skating,Speed skating,"JANSEN, Daniel",USA,Men,1000M,Gold
1994,Lillehammer,Skating,Speed skating,"ZHELEZOVSKY, Igor",BLR,Men,1000M,Silver
1994,Lillehammer,Skating,Speed skating,"YE, Qiaobo",CHN,Women,1000M,Bronze
1994,Lillehammer,Skating,Speed skating,"BLAIR, Bonnie",USA,Women,1000M,Gold
1994,Lillehammer,Skating,Speed skating,"BAIER-LOEF, Anke",GER,Women,1000M,Silver
1994,Lillehammer,Skating,Speed skating,"ZANDSTRA, Falko",NED,Men,1500M,Bronze
1994,Lillehammer,Skating,Speed skating,"KOSS, Johann Olav",NOR,Men,1500M,Gold
1994,Lillehammer,Skating,Speed skating,"RITSMA, Rintje",NED,Men,1500M,Silver
1994,Lillehammer,Skating,Speed skating,"NIEMANN-STIRNEMANN, Gunda",GER,Women,1500M,Bronze
1994,Lillehammer,Skating,Speed skating,"HUNYADY, Emese",AUT,Women,1500M,Gold
1994,Lillehammer,Skating,Speed skating,"FEDOTKINA, Svetlana",RUS,Women,1500M,Silver
1994,Lillehammer,Skating,Speed skating,"PECHSTEIN, Claudia",GER,Women,3000M,Bronze
1994,Lillehammer,Skating,Speed skating,"BAJANOVA, Svetlana",RUS,Women,3000M,Gold
1994,Lillehammer,Skating,Speed skating,"HUNYADY, Emese",AUT,Women,3000M,Silver
1994,Lillehammer,Skating,Speed skating,"RITSMA, Rintje",NED,Men,5000M,Bronze
1994,Lillehammer,Skating,Speed skating,"KOSS, Johann Olav",NOR,Men,5000M,Gold
1994,Lillehammer,Skating,Speed skating,"STORELID, Kjell",NOR,Men,5000M,Silver
1994,Lillehammer,Skating,Speed skating,"YAMAMOTO, Hiromi",JPN,Women,5000M,Bronze
1994,Lillehammer,Skating,Speed skating,"PECHSTEIN, Claudia",GER,Women,5000M,Gold
1994,Lillehammer,Skating,Speed skating,"NIEMANN-STIRNEMANN, Gunda",GER,Women,5000M,Silver
1994,Lillehammer,Skating,Speed skating,"HORII, Manabu",JPN,Men,500M,Bronze
1994,Lillehammer,Skating,Speed skating,"GOLUBEV, Aleksandr",RUS,Men,500M,Gold
1994,Lillehammer,Skating,Speed skating,"KLEVCHENYA, Sergey",RUS,Men,500M,Silver
1994,Lillehammer,Skating,Speed skating,"SCHENK, Franziska",GER,Women,500M,Bronze
1994,Lillehammer,Skating,Speed skating,"BLAIR, Bonnie",USA,Women,500M,Gold
1994,Lillehammer,Skating,Speed skating,"AUCH, Susan",CAN,Women,500M,Silver
1998,Nagano,Skating,Speed skating,"RITSMA, Rintje",NED,Men,10000M,Bronze
1998,Nagano,Skating,Speed skating,"ROMME, Gianni",NED,Men,10000M,Gold
1998,Nagano,Skating,Speed skating,"de JONG, Bob",NED,Men,10000M,Silver
1998,Nagano,Skating,Speed skating,"SHIMIZU, Hiroyasu",JPN,Men,1000M,Bronze
1998,Nagano,Skating,Speed skating,"POSTMA, Ids",NED,Men,1000M,Gold
1998,Nagano,Skating,Speed skating,"BOS, Jan",NED,Men,1000M,Silver
1998,Nagano,Skating,Speed skating,"LEMAY DOAN, Catriona",CAN,Women,1000M,Bronze
1998,Nagano,Skating,Speed skating,"TIMMER, Marianne",NED,Women,1000M,Gold
1998,Nagano,Skating,Speed skating,"WITTY, Christine",USA,Women,1000M,Silver
1998,Nagano,Skating,Speed skating,"RITSMA, Rintje",NED,Men,1500M,Bronze
1998,Nagano,Skating,Speed skating,"SONDRAL, Adne",NOR,Men,1500M,Gold
1998,Nagano,Skating,Speed skating,"POSTMA, Ids",NED,Men,1500M,Silver
1998,Nagano,Skating,Speed skating,"WITTY, Christine",USA,Women,1500M,Bronze
1998,Nagano,Skating,Speed skating,"TIMMER, Marianne",NED,Women,1500M,Gold
1998,Nagano,Skating,Speed skating,"NIEMANN-STIRNEMANN, Gunda",GER,Women,1500M,Silver
1998,Nagano,Skating,Speed skating,"FRIESINGER-POSTMA, Anna",GER,Women,3000M,Bronze
1998,Nagano,Skating,Speed skating,"NIEMANN-STIRNEMANN, Gunda",GER,Women,3000M,Gold
1998,Nagano,Skating,Speed skating,"PECHSTEIN, Claudia",GER,Women,3000M,Silver
1998,Nagano,Skating,Speed skating,"VELDKAMP, Bart",BEL,Men,5000M,Bronze
1998,Nagano,Skating,Speed skating,"ROMME, Gianni",NED,Men,5000M,Gold
1998,Nagano,Skating,Speed skating,"RITSMA, Rintje",NED,Men,5000M,Silver
1998,Nagano,Skating,Speed skating,"PROKASHEVA, Lyudmila",KAZ,Women,5000M,Bronze
1998,Nagano,Skating,Speed skating,"PECHSTEIN, Claudia",GER,Women,5000M,Gold
1998,Nagano,Skating,Speed skating,"NIEMANN-STIRNEMANN, Gunda",GER,Women,5000M,Silver
1998,Nagano,Skating,Speed skating,"OVERLAND, Kevin",CAN,Men,500M,Bronze
1998,Nagano,Skating,Speed skating,"SHIMIZU, Hiroyasu",JPN,Men,500M,Gold
1998,Nagano,Skating,Speed skating,"WOTHERSPOON, Jeremy",CAN,Men,500M,Silver
1998,Nagano,Skating,Speed skating,"OKAZAKI, Tomomi",JPN,Women,500M,Bronze
1998,Nagano,Skating,Speed skating,"LEMAY DOAN, Catriona",CAN,Women,500M,Gold
1998,Nagano,Skating,Speed skating,"AUCH, Susan",CAN,Women,500M,Silver
2002,Salt Lake City,Skating,Speed skating,"SAETRE, Lasse",NOR,Men,10000M,Bronze
2002,Salt Lake City,Skating,Speed skating,"UYTDEHAAGE, Jochem",NED,Men,10000M,Gold
2002,Salt Lake City,Skating,Speed skating,"ROMME, Gianni",NED,Men,10000M,Silver
2002,Salt Lake City,Skating,Speed skating,"CHEEK, Joey",USA,Men,1000M,Bronze
2002,Salt Lake City,Skating,Speed skating,"VAN VELDE, Gerard",NED,Men,1000M,Gold
2002,Salt Lake City,Skating,Speed skating,"BOS, Jan",NED,Men,1000M,Silver
2002,Salt Lake City,Skating,Speed skating,"RODRIGUEZ, Jennifer",USA,Women,1000M,Bronze
2002,Salt Lake City,Skating,Speed skating,"WITTY, Chris",USA,Women,1000M,Gold
2002,Salt Lake City,Skating,Speed skating,"VOELKER, Sabine",GER,Women,1000M,Silver
2002,Salt Lake City,Skating,Speed skating,"SONDRAL, Adne",NOR,Men,1500M,Bronze
2002,Salt Lake City,Skating,Speed skating,"PARRA, Derek",USA,Men,1500M,Gold
2002,Salt Lake City,Skating,Speed skating,"UYTDEHAAGE, Jochem",NED,Men,1500M,Silver
2002,Salt Lake City,Skating,Speed skating,"RODRIGUEZ, Jennifer",USA,Women,1500M,Bronze
2002,Salt Lake City,Skating,Speed skating,"FRIESINGER-POSTMA, Anna",GER,Women,1500M,Gold
2002,Salt Lake City,Skating,Speed skating,"VOELKER, Sabine",GER,Women,1500M,Silver
2002,Salt Lake City,Skating,Speed skating,"KLASSEN, Cindy",CAN,Women,3000M,Bronze
2002,Salt Lake City,Skating,Speed skating,"PECHSTEIN, Claudia",GER,Women,3000M,Gold
2002,Salt Lake City,Skating,Speed skating,"GROENEWOLD, Renate",NED,Women,3000M,Silver
2002,Salt Lake City,Skating,Speed skating,"BODEN, Jens",GER,Men,5000M,Bronze
2002,Salt Lake City,Skating,Speed skating,"UYTDEHAAGE, Jochem",NED,Men,5000M,Gold
2002,Salt Lake City,Skating,Speed skating,"PARRA, Derek",USA,Men,5000M,Silver
2002,Salt Lake City,Skating,Speed skating,"HUGHES, Clara",CAN,Women,5000M,Bronze
2002,Salt Lake City,Skating,Speed skating,"PECHSTEIN, Claudia",GER,Women,5000M,Gold
2002,Salt Lake City,Skating,Speed skating,"SMIT, Gretha",NED,Women,5000M,Silver
2002,Salt Lake City,Skating,Speed skating,"CARPENTER, Kip",USA,Men,500M,Bronze
2002,Salt Lake City,Skating,Speed skating,"FITZRANDOLPH, Casey",USA,Men,500M,Gold
2002,Salt Lake City,Skating,Speed skating,"SHIMIZU, Hiroyasu",JPN,Men,500M,Silver
2002,Salt Lake City,Skating,Speed skating,"VOELKER, Sabine",GER,Women,500M,Bronze
2002,Salt Lake City,Skating,Speed skating,"LEMAY DOAN, Catriona",CAN,Women,500M,Gold
2002,Salt Lake City,Skating,Speed skating,"GARBRECHT-ENFELDT, Monique",GER,Women,500M,Silver
2006,Turin,Skating,Speed skating,"VERHEIJEN, Carl",NED,Men,10000M,Bronze
2006,Turin,Skating,Speed skating,"de JONG, Bob",NED,Men,10000M,Gold
2006,Turin,Skating,Speed skating,"HEDRICK, Chad",USA,Men,10000M,Silver
2006,Turin,Skating,Speed skating,"WENNEMARS, Erben",NED,Men,1000M,Bronze
2006,Turin,Skating,Speed skating,"DAVIS, Shani",USA,Men,1000M,Gold
2006,Turin,Skating,Speed skating,"CHEEK, Joey",USA,Men,1000M,Silver
2006,Turin,Skating,Speed skating,"FRIESINGER-POSTMA, Anna",GER,Women,1000M,Bronze
2006,Turin,Skating,Speed skating,"TIMMER, Marianne",NED,Women,1000M,Gold
2006,Turin,Skating,Speed skating,"KLASSEN, Cindy",CAN,Women,1000M,Silver
2006,Turin,Skating,Speed skating,"HEDRICK, Chad",USA,Men,1500M,Bronze
2006,Turin,Skating,Speed skating,"FABRIS, Enrico",ITA,Men,1500M,Gold
2006,Turin,Skating,Speed skating,"DAVIS, Shani",USA,Men,1500M,Silver
2006,Turin,Skating,Speed skating,"WUST, Ireen",NED,Women,1500M,Bronze
2006,Turin,Skating,Speed skating,"KLASSEN, Cindy",CAN,Women,1500M,Gold
2006,Turin,Skating,Speed skating,"GROVES, Kristina",CAN,Women,1500M,Silver
2006,Turin,Skating,Speed skating,"KLASSEN, Cindy",CAN,Women,3000M,Bronze
2006,Turin,Skating,Speed skating,"WUST, Ireen",NED,Women,3000M,Gold
2006,Turin,Skating,Speed skating,"GROENEWOLD, Renate",NED,Women,3000M,Silver
2006,Turin,Skating,Speed skating,"FABRIS, Enrico",ITA,Men,5000M,Bronze
2006,Turin,Skating,Speed skating,"HEDRICK, Chad",USA,Men,5000M,Gold
2006,Turin,Skating,Speed skating,"KRAMER, Sven",NED,Men,5000M,Silver
2006,Turin,Skating,Speed skating,"KLASSEN, Cindy",CAN,Women,5000M,Bronze
2006,Turin,Skating,Speed skating,"HUGHES, Clara",CAN,Women,5000M,Gold
2006,Turin,Skating,Speed skating,"PECHSTEIN, Claudia",GER,Women,5000M,Silver
2006,Turin,Skating,Speed skating,"LEE, Kang Seok",KOR,Men,500M,Bronze
2006,Turin,Skating,Speed skating,"CHEEK, Joey",USA,Men,500M,Gold
2006,Turin,Skating,Speed skating,"DOROFEYEV, Dmitry",RUS,Men,500M,Silver
2006,Turin,Skating,Speed skating,"REN, Hui",CHN,Women,500M,Bronze
2006,Turin,Skating,Speed skating,"ZHUROVA, Svetlana",RUS,Women,500M,Gold
2006,Turin,Skating,Speed skating,"WANG, Manli",CHN,Women,500M,Silver
2006,Turin,Skating,Speed skating,"KRAMER, Sven",NED,Men,Team Pursuit,Bronze
2006,Turin,Skating,Speed skating,"RITSMA, Rintje",NED,Men,Team Pursuit,Bronze
2006,Turin,Skating,Speed skating,"TUITERT, Mark",NED,Men,Team Pursuit,Bronze
2006,Turin,Skating,Speed skating,"VERHEIJEN, Carl",NED,Men,Team Pursuit,Bronze
2006,Turin,Skating,Speed skating,"WENNEMARS, Erben",NED,Men,Team Pursuit,Bronze
2006,Turin,Skating,Speed skating,"ANESI, Matteo",ITA,Men,Team Pursuit,Gold
2006,Turin,Skating,Speed skating,"DONAGRANDI, Stefano",ITA,Men,Team Pursuit,Gold
2006,Turin,Skating,Speed skating,"FABRIS, Enrico",ITA,Men,Team Pursuit,Gold
2006,Turin,Skating,Speed skating,"SANFRATELLO, Ippolito",ITA,Men,Team Pursuit,Gold
2006,Turin,Skating,Speed skating,"DANKERS, Arne",CAN,Men,Team Pursuit,Silver
2006,Turin,Skating,Speed skating,"ELM, Steven",CAN,Men,Team Pursuit,Silver
2006,Turin,Skating,Speed skating,"MORRISON, Denny",CAN,Men,Team Pursuit,Silver
2006,Turin,Skating,Speed skating,"PARKER, Jason",CAN,Men,Team Pursuit,Silver
2006,Turin,Skating,Speed skating,"WARSYLEWICZ, Justin",CAN,Men,Team Pursuit,Silver
2006,Turin,Skating,Speed skating,"ABRAMOVA, Yekaterina",RUS,Women,Team Pursuit,Bronze
2006,Turin,Skating,Speed skating,"BARYSHEVA, Varvara",RUS,Women,Team Pursuit,Bronze
2006,Turin,Skating,Speed skating,"LIKHACHOVA, Galina",RUS,Women,Team Pursuit,Bronze
2006,Turin,Skating,Speed skating,"LOBYSHEVA, Yekaterina",RUS,Women,Team Pursuit,Bronze
2006,Turin,Skating,Speed skating,"VYSOKOVA, Svetlana",RUS,Women,Team Pursuit,Bronze
2006,Turin,Skating,Speed skating,"ANSCHUETZ THOMS, Daniela",GER,Women,Team Pursuit,Gold
2006,Turin,Skating,Speed skating,"FRIESINGER-POSTMA, Anna",GER,Women,Team Pursuit,Gold
2006,Turin,Skating,Speed skating,"OPITZ, Lucille",GER,Women,Team Pursuit,Gold
2006,Turin,Skating,Speed skating,"PECHSTEIN, Claudia",GER,Women,Team Pursuit,Gold
2006,Turin,Skating,Speed skating,"VOELKER, Sabine",GER,Women,Team Pursuit,Gold
2006,Turin,Skating,Speed skating,"GROVES, Kristina",CAN,Women,Team Pursuit,Silver
2006,Turin,Skating,Speed skating,"HUGHES, Clara",CAN,Women,Team Pursuit,Silver
2006,Turin,Skating,Speed skating,"KLASSEN, Cindy",CAN,Women,Team Pursuit,Silver
2006,Turin,Skating,Speed skating,"NESBITT, Christine",CAN,Women,Team Pursuit,Silver
2006,Turin,Skating,Speed skating,"REMPEL, Shannon",CAN,Women,Team Pursuit,Silver
2010,Vancouver,Skating,Speed skating,"de JONG, Bob",NED,Men,10000M,Bronze
2010,Vancouver,Skating,Speed skating,"LEE, Seung-Hoon",KOR,Men,10000M,Gold
2010,Vancouver,Skating,Speed skating,"SKOBREV, Ivan",RUS,Men,10000M,Silver
2010,Vancouver,Skating,Speed skating,"HEDRICK, Chad",USA,Men,1000M,Bronze
2010,Vancouver,Skating,Speed skating,"DAVIS, Shani",USA,Men,1000M,Gold
2010,Vancouver,Skating,Speed skating,"MO, Tae-Bum",KOR,Men,1000M,Silver
2010,Vancouver,Skating,Speed skating,"van RIESSEN, Laurine",NED,Women,1000M,Bronze
2010,Vancouver,Skating,Speed skating,"NESBITT, Christine",CAN,Women,1000M,Gold
2010,Vancouver,Skating,Speed skating,"GERRITSEN, Annette",NED,Women,1000M,Silver
2010,Vancouver,Skating,Speed skating,"BOKKO, Havard",NOR,Men,1500M,Bronze
2010,Vancouver,Skating,Speed skating,"TUITERT, Mark",NED,Men,1500M,Gold
2010,Vancouver,Skating,Speed skating,"DAVIS, Shani",USA,Men,1500M,Silver
2010,Vancouver,Skating,Speed skating,"SABLIKOVA, Martina",CZE,Women,1500M,Bronze
2010,Vancouver,Skating,Speed skating,"WUST, Ireen",NED,Women,1500M,Gold
2010,Vancouver,Skating,Speed skating,"GROVES, Kristina",CAN,Women,1500M,Silver
2010,Vancouver,Skating,Speed skating,"GROVES, Kristina",CAN,Women,3000M,Bronze
2010,Vancouver,Skating,Speed skating,"SABLIKOVA, Martina",CZE,Women,3000M,Gold
2010,Vancouver,Skating,Speed skating,"BECKERT, Stephanie",GER,Women,3000M,Silver
2010,Vancouver,Skating,Speed skating,"SKOBREV, Ivan",RUS,Men,5000M,Bronze
2010,Vancouver,Skating,Speed skating,"KRAMER, Sven",NED,Men,5000M,Gold
2010,Vancouver,Skating,Speed skating,"LEE, Seung-Hoon",KOR,Men,5000M,Silver
2010,Vancouver,Skating,Speed skating,"HUGHES, Clara",CAN,Women,5000M,Bronze
2010,Vancouver,Skating,Speed skating,"SABLIKOVA, Martina",CZE,Women,5000M,Gold
2010,Vancouver,Skating,Speed skating,"BECKERT, Stephanie",GER,Women,5000M,Silver
2010,Vancouver,Skating,Speed skating,"KATO, Joji",JPN,Men,500M,Bronze
2010,Vancouver,Skating,Speed skating,"MO, Tae-Bum",KOR,Men,500M,Gold
2010,Vancouver,Skating,Speed skating,"NAGASHIMA, Keiichiro",JPN,Men,500M,Silver
2010,Vancouver,Skating,Speed skating,"WANG, Beixing",CHN,Women,500M,Bronze
2010,Vancouver,Skating,Speed skating,"LEE, Sang-Hwa",KOR,Women,500M,Gold
2010,Vancouver,Skating,Speed skating,"WOLF, Jenny",GER,Women,500M,Silver
2010,Vancouver,Skating,Speed skating,"BLOKHUIJSEN, Jan",NED,Men,Team Pursuit,Bronze
2010,Vancouver,Skating,Speed skating,"KRAMER, Sven",NED,Men,Team Pursuit,Bronze
2010,Vancouver,Skating,Speed skating,"KUIPERS, Simon",NED,Men,Team Pursuit,Bronze
2010,Vancouver,Skating,Speed skating,"TUITERT, Mark",NED,Men,Team Pursuit,Bronze
2010,Vancouver,Skating,Speed skating,"GIROUX, Mathieu",CAN,Men,Team Pursuit,Gold
2010,Vancouver,Skating,Speed skating,"MAKOWSKY, Lucas",CAN,Men,Team Pursuit,Gold
2010,Vancouver,Skating,Speed skating,"MORRISON, Denny",CAN,Men,Team Pursuit,Gold
2010,Vancouver,Skating,Speed skating,"HANSEN, Brian",USA,Men,Team Pursuit,Silver
2010,Vancouver,Skating,Speed skating,"HEDRICK, Chad",USA,Men,Team Pursuit,Silver
2010,Vancouver,Skating,Speed skating,"KUCK, Jonathan",USA,Men,Team Pursuit,Silver
2010,Vancouver,Skating,Speed skating,"MARSICANO, Trevor",USA,Men,Team Pursuit,Silver
2010,Vancouver,Skating,Speed skating,"BACHLEDA-CURUS, Katarzyna",POL,Women,Team Pursuit,Bronze
2010,Vancouver,Skating,Speed skating,"WOZNIAK, Katarzyna",POL,Women,Team Pursuit,Bronze
2010,Vancouver,Skating,Speed skating,"ZLOTKOWSKA, Luiza",POL,Women,Team Pursuit,Bronze
2010,Vancouver,Skating,Speed skating,"ANSCHUTZ THOMS, Daniela",GER,Women,Team Pursuit,Gold
2010,Vancouver,Skating,Speed skating,"BECKERT, Stephanie",GER,Women,Team Pursuit,Gold
2010,Vancouver,Skating,Speed skating,"FRIESINGER-POSTMA, Anna",GER,Women,Team Pursuit,Gold
2010,Vancouver,Skating,Speed skating,"MATTSCHERODT, Katrin",GER,Women,Team Pursuit,Gold
2010,Vancouver,Skating,Speed skating,"HOZUMI, Masako",JPN,Women,Team Pursuit,Silver
2010,Vancouver,Skating,Speed skating,"KODAIRA, Nao",JPN,Women,Team Pursuit,Silver
2010,Vancouver,Skating,Speed skating,"TABATA, Maki",JPN,Women,Team Pursuit,Silver
2014,Sochi,Skating,Speed skating,"BERGSMA, Jorrit",NED,Men,10000M,Gold
2014,Sochi,Skating,Speed skating,"DE JONG, Bob",NED,Men,10000M,Bronze
2014,Sochi,Skating,Speed skating,"KRAMER, Sven",NED,Men,10000M,Silver
2014,Sochi,Skating,Speed skating,"MORRISON, Denny",CAN,Men,1000M,Silver
2014,Sochi,Skating,Speed skating,"GROOTHUIS, Stefan",NED,Men,1000M,Gold
2014,Sochi,Skating,Speed skating,"MULDER, Michel",NED,Men,1000M,Bronze
2014,Sochi,Skating,Speed skating,"MORRISON, Denny",CAN,Men,1500M,Bronze
2014,Sochi,Skating,Speed skating,"VERWEIJ, Koen",NED,Men,1500M,Silver
2014,Sochi,Skating,Speed skating,"BRODKA, Zbigniew",POL,Men,1500M,Gold
2014,Sochi,Skating,Speed skating,"BERGSMA, Jorrit",NED,Men,5000M,Bronze
2014,Sochi,Skating,Speed skating,"BLOKHUIJSEN, Jan",NED,Men,5000M,Silver
2014,Sochi,Skating,Speed skating,"KRAMER, Sven",NED,Men,5000M,Gold
2014,Sochi,Skating,Speed skating,"MULDER, Michel",NED,Men,500M,Gold
2014,Sochi,Skating,Speed skating,"MULDER, Ronald",NED,Men,500M,Bronze
2014,Sochi,Skating,Speed skating,"SMEEKENS, Jan",NED,Men,500M,Silver
2014,Sochi,Skating,Speed skating,"JOO, Hyong Jun",KOR,Men,Team Pursuit,Silver
2014,Sochi,Skating,Speed skating,"KIM, Cheol Min",KOR,Men,Team Pursuit,Silver
2014,Sochi,Skating,Speed skating,"LEE, Seung Hoon",KOR,Men,Team Pursuit,Silver
2014,Sochi,Skating,Speed skating,"BLOKHUIJSEN, Jan",NED,Men,Team Pursuit,Gold
2014,Sochi,Skating,Speed skating,"KRAMER, Sven",NED,Men,Team Pursuit,Gold
2014,Sochi,Skating,Speed skating,"VERWEIJ, Koen",NED,Men,Team Pursuit,Gold
2014,Sochi,Skating,Speed skating,"BRODKA, Zbigniew",POL,Men,Team Pursuit,Bronze
2014,Sochi,Skating,Speed skating,"NIEDZWIEDZKI, Konrad",POL,Men,Team Pursuit,Bronze
2014,Sochi,Skating,Speed skating,"SZYMANSKI, Jan",POL,Men,Team Pursuit,Bronze
2014,Sochi,Skating,Speed skating,"ZHANG, Hong",CHN,Women,1000M,Gold
2014,Sochi,Skating,Speed skating,"BOER, Margot",NED,Women,1000M,Bronze
2014,Sochi,Skating,Speed skating,"WÜST, Ireen",NED,Women,1000M,Silver
2014,Sochi,Skating,Speed skating,"TER MORS, Jorien",NED,Women,1500M,Gold
2014,Sochi,Skating,Speed skating,"van BEEK, Lotte",NED,Women,1500M,Bronze
2014,Sochi,Skating,Speed skating,"WÜST, Ireen",NED,Women,1500M,Silver
2014,Sochi,Skating,Speed skating,"SABLIKOVA, Martina",CZE,Women,3000M,Silver
2014,Sochi,Skating,Speed skating,"WÜST, Ireen",NED,Women,3000M,Gold
2014,Sochi,Skating,Speed skating,"GRAF, Olga",RUS,Women,3000M,Bronze
2014,Sochi,Skating,Speed skating,"SABLIKOVA, Martina",CZE,Women,5000M,Gold
2014,Sochi,Skating,Speed skating,"KLEIBEUKER, Carien",NED,Women,5000M,Bronze
2014,Sochi,Skating,Speed skating,"WÜST, Ireen",NED,Women,5000M,Silver
2014,Sochi,Skating,Speed skating,"LEE, Sang Hwa",KOR,Women,500M,Gold
2014,Sochi,Skating,Speed skating,"BOER, Margot",NED,Women,500M,Bronze
2014,Sochi,Skating,Speed skating,"FATKULINA, Olga",RUS,Women,500M,Silver
2014,Sochi,Skating,Speed skating,"LEENSTRA, Marrit",NED,Women,Team Pursuit,Gold
2014,Sochi,Skating,Speed skating,"TER MORS, Jorien",NED,Women,Team Pursuit,Gold
2014,Sochi,Skating,Speed skating,"van BEEK, Lotte",NED,Women,Team Pursuit,Gold
2014,Sochi,Skating,Speed skating,"WÜST, Ireen",NED,Women,Team Pursuit,Gold
2014,Sochi,Skating,Speed skating,"BACHLEDA-CURUS, Katarzyna",POL,Women,Team Pursuit,Silver
2014,Sochi,Skating,Speed skating,"CZERWONKA, Natalia",POL,Women,Team Pursuit,Silver
2014,Sochi,Skating,Speed skating,"WOZNIAK, Katarzyna",POL,Women,Team Pursuit,Silver
2014,Sochi,Skating,Speed skating,"ZLOTKOWSKA, Luiza",POL,Women,Team Pursuit,Silver
2014,Sochi,Skating,Speed skating,"GRAF, Olga",RUS,Women,Team Pursuit,Bronze
2014,Sochi,Skating,Speed skating,"LOBYSHEVA, Yekaterina",RUS,Women,Team Pursuit,Bronze
2014,Sochi,Skating,Speed skating,"SHIKHOVA, Yekaterina",RUS,Women,Team Pursuit,Bronze
2014,Sochi,Skating,Speed skating,"SKOKOVA, Yuliya",RUS,Women,Team Pursuit,Bronze